timestamp,runId,algorithm,serverId,method,path,statusCode,responseTimeMs,error,activeConnections
1788021386864,ui_round-robin_steady_1788021386850,round-robin,server-1,GET,/api/work,200,32,,1
1788021386868,ui_round-robin_steady_1788021386850,round-robin,server-3,GET,/api/work,200,34,,0
1788021386873,ui_round-robin_steady_1788021386850,round-robin,server-1,GET,/api/work,200,32,,0
1788021386867,ui_round-robin_steady_1788021386850,round-robin,server-2,GET,/api/work,200,39,,1
1788021386873,ui_round-robin_steady_1788021386850,round-robin,server-2,GET,/api/work,200,34,,0
1788021386928,ui_round-robin_steady_1788021386850,round-robin,server-3,GET,/api/work,200,27,,1
1788021386934,ui_round-robin_steady_1788021386850,round-robin,server-1,GET,/api/work,200,27,,1
1788021386938,ui_round-robin_steady_1788021386850,round-robin,server-2,GET,/api/work,200,27,,0
1788021386940,ui_round-robin_steady_1788021386850,round-robin,server-1,GET,/api/work,200,26,,0
1788021386939,ui_round-robin_steady_1788021386850,round-robin,server-3,GET,/api/work,200,28,,0
1788021386987,ui_round-robin_steady_1788021386850,round-robin,server-2,GET,/api/work,200,26,,1
1788021386993,ui_round-robin_steady_1788021386850,round-robin,server-3,GET,/api/work,200,26,,1
1788021386996,ui_round-robin_steady_1788021386850,round-robin,server-1,GET,/api/work,200,27,,0
1788021386998,ui_round-robin_steady_1788021386850,round-robin,server-2,GET,/api/work,200,27,,0
1788021386999,ui_round-robin_steady_1788021386850,round-robin,server-3,GET,/api/work,200,27,,0
1788021387045,ui_round-robin_steady_1788021386850,round-robin,server-1,GET,/api/work,200,27,,1
1788021387051,ui_round-robin_steady_1788021386850,round-robin,server-2,GET,/api/work,200,27,,1
1788021387054,ui_round-robin_steady_1788021386850,round-robin,server-3,GET,/api/work,200,27,,0
1788021387056,ui_round-robin_steady_1788021386850,round-robin,server-1,GET,/api/work,200,26,,0
1788021387057,ui_round-robin_steady_1788021386850,round-robin,server-2,GET,/api/work,200,27,,0
1788021387103,ui_round-robin_steady_1788021386850,round-robin,server-3,GET,/api/work,200,27,,1
1788021387109,ui_round-robin_steady_1788021386850,round-robin,server-1,GET,/api/work,200,27,,1
1788021387112,ui_round-robin_steady_1788021386850,round-robin,server-2,GET,/api/work,200,27,,0
1788021387113,ui_round-robin_steady_1788021386850,round-robin,server-3,GET,/api/work,200,27,,0
1788021387115,ui_round-robin_steady_1788021386850,round-robin,server-1,GET,/api/work,200,27,,0
1788021387161,ui_round-robin_steady_1788021386850,round-robin,server-2,GET,/api/work,200,27,,1
1788021387167,ui_round-robin_steady_1788021386850,round-robin,server-3,GET,/api/work,200,27,,1
1788021387171,ui_round-robin_steady_1788021386850,round-robin,server-1,GET,/api/work,200,27,,0
1788021387172,ui_round-robin_steady_1788021386850,round-robin,server-2,GET,/api/work,200,27,,0
1788021387173,ui_round-robin_steady_1788021386850,round-robin,server-3,GET,/api/work,200,27,,0
1788021387220,ui_round-robin_steady_1788021386850,round-robin,server-1,GET,/api/work,200,27,,1
1788021387225,ui_round-robin_steady_1788021386850,round-robin,server-2,GET,/api/work,200,27,,1
1788021387229,ui_round-robin_steady_1788021386850,round-robin,server-3,GET,/api/work,200,27,,0
1788021387229,ui_round-robin_steady_1788021386850,round-robin,server-1,GET,/api/work,200,28,,0
1788021387231,ui_round-robin_steady_1788021386850,round-robin,server-2,GET,/api/work,200,27,,0
1788021387279,ui_round-robin_steady_1788021386850,round-robin,server-3,GET,/api/work,200,27,,1
1788021387283,ui_round-robin_steady_1788021386850,round-robin,server-1,GET,/api/work,200,27,,1
1788021387288,ui_round-robin_steady_1788021386850,round-robin,server-3,GET,/api/work,200,27,,0
1788021387288,ui_round-robin_steady_1788021386850,round-robin,server-2,GET,/api/work,200,28,,0
1788021387290,ui_round-robin_steady_1788021386850,round-robin,server-1,GET,/api/work,200,28,,0
1788021387337,ui_round-robin_steady_1788021386850,round-robin,server-2,GET,/api/work,200,26,,1
1788021387341,ui_round-robin_steady_1788021386850,round-robin,server-3,GET,/api/work,200,27,,1
1788021387347,ui_round-robin_steady_1788021386850,round-robin,server-1,GET,/api/work,200,27,,0
1788021387348,ui_round-robin_steady_1788021386850,round-robin,server-2,GET,/api/work,200,27,,0
1788021387349,ui_round-robin_steady_1788021386850,round-robin,server-3,GET,/api/work,200,27,,0
1788021387395,ui_round-robin_steady_1788021386850,round-robin,server-1,GET,/api/work,200,27,,1
1788021387400,ui_round-robin_steady_1788021386850,round-robin,server-2,GET,/api/work,200,27,,1
1788021387406,ui_round-robin_steady_1788021386850,round-robin,server-3,GET,/api/work,200,28,,0
1788021387407,ui_round-robin_steady_1788021386850,round-robin,server-1,GET,/api/work,200,28,,0
1788021387407,ui_round-robin_steady_1788021386850,round-robin,server-2,GET,/api/work,200,30,,0
1788021387455,ui_round-robin_steady_1788021386850,round-robin,server-3,GET,/api/work,200,28,,1
1788021387459,ui_round-robin_steady_1788021386850,round-robin,server-1,GET,/api/work,200,28,,1
1788021387468,ui_round-robin_steady_1788021386850,round-robin,server-2,GET,/api/work,200,27,,0
1788021387470,ui_round-robin_steady_1788021386850,round-robin,server-3,GET,/api/work,200,27,,0
1788021387471,ui_round-robin_steady_1788021386850,round-robin,server-1,GET,/api/work,200,28,,0
1788021387515,ui_round-robin_steady_1788021386850,round-robin,server-2,GET,/api/work,200,27,,1
1788021387519,ui_round-robin_steady_1788021386850,round-robin,server-3,GET,/api/work,200,27,,1
1788021387528,ui_round-robin_steady_1788021386850,round-robin,server-1,GET,/api/work,200,27,,0
1788021387529,ui_round-robin_steady_1788021386850,round-robin,server-2,GET,/api/work,200,28,,0
1788021387532,ui_round-robin_steady_1788021386850,round-robin,server-3,GET,/api/work,200,27,,0
1788021387574,ui_round-robin_steady_1788021386850,round-robin,server-1,GET,/api/work,200,28,,1
1788021387577,ui_round-robin_steady_1788021386850,round-robin,server-2,GET,/api/work,200,28,,1
1788021387589,ui_round-robin_steady_1788021386850,round-robin,server-3,GET,/api/work,200,28,,0
1788021387589,ui_round-robin_steady_1788021386850,round-robin,server-1,GET,/api/work,200,28,,0
1788021387591,ui_round-robin_steady_1788021386850,round-robin,server-2,GET,/api/work,200,29,,0
1788021387634,ui_round-robin_steady_1788021386850,round-robin,server-3,GET,/api/work,200,27,,1
1788021387636,ui_round-robin_steady_1788021386850,round-robin,server-1,GET,/api/work,200,28,,1
1788021387650,ui_round-robin_steady_1788021386850,round-robin,server-2,GET,/api/work,200,27,,0
1788021387650,ui_round-robin_steady_1788021386850,round-robin,server-3,GET,/api/work,200,29,,0
1788021387652,ui_round-robin_steady_1788021386850,round-robin,server-1,GET,/api/work,200,29,,0
1788021387693,ui_round-robin_steady_1788021386850,round-robin,server-2,GET,/api/work,200,27,,1
1788021387696,ui_round-robin_steady_1788021386850,round-robin,server-3,GET,/api/work,200,26,,1
1788021387711,ui_round-robin_steady_1788021386850,round-robin,server-2,GET,/api/work,200,27,,0
1788021387711,ui_round-robin_steady_1788021386850,round-robin,server-1,GET,/api/work,200,27,,0
1788021387712,ui_round-robin_steady_1788021386850,round-robin,server-3,GET,/api/work,200,28,,0
1788021387751,ui_round-robin_steady_1788021386850,round-robin,server-1,GET,/api/work,200,26,,1
1788021387753,ui_round-robin_steady_1788021386850,round-robin,server-2,GET,/api/work,200,27,,1
1788021387769,ui_round-robin_steady_1788021386850,round-robin,server-3,GET,/api/work,200,27,,0
1788021387770,ui_round-robin_steady_1788021386850,round-robin,server-1,GET,/api/work,200,27,,0
1788021387771,ui_round-robin_steady_1788021386850,round-robin,server-2,GET,/api/work,200,28,,0
1788021387808,ui_round-robin_steady_1788021386850,round-robin,server-3,GET,/api/work,200,27,,1
1788021387811,ui_round-robin_steady_1788021386850,round-robin,server-1,GET,/api/work,200,27,,1
1788021387827,ui_round-robin_steady_1788021386850,round-robin,server-2,GET,/api/work,200,28,,0
1788021387828,ui_round-robin_steady_1788021386850,round-robin,server-3,GET,/api/work,200,27,,0
1788021387830,ui_round-robin_steady_1788021386850,round-robin,server-1,GET,/api/work,200,27,,0
1788021387866,ui_round-robin_steady_1788021386850,round-robin,server-2,GET,/api/work,200,28,,1
1788021387870,ui_round-robin_steady_1788021386850,round-robin,server-3,GET,/api/work,200,27,,1
1788021387886,ui_round-robin_steady_1788021386850,round-robin,server-1,GET,/api/work,200,28,,0
1788021387887,ui_round-robin_steady_1788021386850,round-robin,server-2,GET,/api/work,200,27,,0
1788021387889,ui_round-robin_steady_1788021386850,round-robin,server-3,GET,/api/work,200,27,,0
1788021387926,ui_round-robin_steady_1788021386850,round-robin,server-1,GET,/api/work,200,27,,1
1788021387929,ui_round-robin_steady_1788021386850,round-robin,server-2,GET,/api/work,200,26,,1
1788021387947,ui_round-robin_steady_1788021386850,round-robin,server-1,GET,/api/work,200,27,,0
1788021387947,ui_round-robin_steady_1788021386850,round-robin,server-3,GET,/api/work,200,28,,0
1788021387948,ui_round-robin_steady_1788021386850,round-robin,server-2,GET,/api/work,200,28,,0
1788021387984,ui_round-robin_steady_1788021386850,round-robin,server-3,GET,/api/work,200,27,,1
1788021387986,ui_round-robin_steady_1788021386850,round-robin,server-1,GET,/api/work,200,26,,1
1788021388007,ui_round-robin_steady_1788021386850,round-robin,server-3,GET,/api/work,200,26,,0
1788021388006,ui_round-robin_steady_1788021386850,round-robin,server-2,GET,/api/work,200,27,,0
1788021388007,ui_round-robin_steady_1788021386850,round-robin,server-1,GET,/api/work,200,27,,0
1788021388041,ui_round-robin_steady_1788021386850,round-robin,server-2,GET,/api/work,200,26,,1
1788021388043,ui_round-robin_steady_1788021386850,round-robin,server-3,GET,/api/work,200,25,,1
1788021388065,ui_round-robin_steady_1788021386850,round-robin,server-1,GET,/api/work,200,27,,0
1788021388065,ui_round-robin_steady_1788021386850,round-robin,server-2,GET,/api/work,200,27,,0
1788021388066,ui_round-robin_steady_1788021386850,round-robin,server-3,GET,/api/work,200,27,,0
1788021388098,ui_round-robin_steady_1788021386850,round-robin,server-1,GET,/api/work,200,28,,1
1788021388099,ui_round-robin_steady_1788021386850,round-robin,server-2,GET,/api/work,200,28,,1
1788021388124,ui_round-robin_steady_1788021386850,round-robin,server-3,GET,/api/work,200,27,,0
1788021388125,ui_round-robin_steady_1788021386850,round-robin,server-1,GET,/api/work,200,28,,0
1788021388125,ui_round-robin_steady_1788021386850,round-robin,server-2,GET,/api/work,200,29,,0
1788021388158,ui_round-robin_steady_1788021386850,round-robin,server-3,GET,/api/work,200,29,,1
1788021388159,ui_round-robin_steady_1788021386850,round-robin,server-1,GET,/api/work,200,29,,1
1788021388182,ui_round-robin_steady_1788021386850,round-robin,server-2,GET,/api/work,200,28,,0
1788021388186,ui_round-robin_steady_1788021386850,round-robin,server-1,GET,/api/work,200,27,,0
1788021388185,ui_round-robin_steady_1788021386850,round-robin,server-3,GET,/api/work,200,29,,0
1788021388221,ui_round-robin_steady_1788021386850,round-robin,server-2,GET,/api/work,200,27,,1
1788021388222,ui_round-robin_steady_1788021386850,round-robin,server-3,GET,/api/work,200,28,,1
1788021388242,ui_round-robin_steady_1788021386850,round-robin,server-1,GET,/api/work,200,28,,0
1788021388247,ui_round-robin_steady_1788021386850,round-robin,server-3,GET,/api/work,200,27,,0
1788021388247,ui_round-robin_steady_1788021386850,round-robin,server-2,GET,/api/work,200,28,,0
1788021388279,ui_round-robin_steady_1788021386850,round-robin,server-1,GET,/api/work,200,28,,0
1788021388282,ui_round-robin_steady_1788021386850,round-robin,server-2,GET,/api/work,200,28,,1
1788021388302,ui_round-robin_steady_1788021386850,round-robin,server-3,GET,/api/work,200,27,,0
1788021388308,ui_round-robin_steady_1788021386850,round-robin,server-1,GET,/api/work,200,28,,0
1788021388309,ui_round-robin_steady_1788021386850,round-robin,server-2,GET,/api/work,200,28,,0
1788021388340,ui_round-robin_steady_1788021386850,round-robin,server-3,GET,/api/work,200,27,,0
1788021388341,ui_round-robin_steady_1788021386850,round-robin,server-1,GET,/api/work,200,27,,0
1788021388361,ui_round-robin_steady_1788021386850,round-robin,server-2,GET,/api/work,200,27,,0
1788021388368,ui_round-robin_steady_1788021386850,round-robin,server-3,GET,/api/work,200,27,,0
1788021388369,ui_round-robin_steady_1788021386850,round-robin,server-1,GET,/api/work,200,26,,0
1788021388399,ui_round-robin_steady_1788021386850,round-robin,server-2,GET,/api/work,200,27,,0
1788021388400,ui_round-robin_steady_1788021386850,round-robin,server-3,GET,/api/work,200,26,,0
1788021388419,ui_round-robin_steady_1788021386850,round-robin,server-1,GET,/api/work,200,27,,0
1788021388427,ui_round-robin_steady_1788021386850,round-robin,server-2,GET,/api/work,200,28,,0
1788021388428,ui_round-robin_steady_1788021386850,round-robin,server-3,GET,/api/work,200,27,,0
1788021388457,ui_round-robin_steady_1788021386850,round-robin,server-1,GET,/api/work,200,26,,0
1788021388458,ui_round-robin_steady_1788021386850,round-robin,server-2,GET,/api/work,200,28,,0
1788021388477,ui_round-robin_steady_1788021386850,round-robin,server-3,GET,/api/work,200,27,,0
1788021388487,ui_round-robin_steady_1788021386850,round-robin,server-1,GET,/api/work,200,26,,0
1788021388487,ui_round-robin_steady_1788021386850,round-robin,server-2,GET,/api/work,200,27,,0
1788021388515,ui_round-robin_steady_1788021386850,round-robin,server-3,GET,/api/work,200,26,,0
1788021388517,ui_round-robin_steady_1788021386850,round-robin,server-1,GET,/api/work,200,29,,0
1788021388535,ui_round-robin_steady_1788021386850,round-robin,server-2,GET,/api/work,200,26,,0
1788021388545,ui_round-robin_steady_1788021386850,round-robin,server-3,GET,/api/work,200,27,,0
1788021388546,ui_round-robin_steady_1788021386850,round-robin,server-1,GET,/api/work,200,27,,0
1788021388573,ui_round-robin_steady_1788021386850,round-robin,server-2,GET,/api/work,200,26,,0
1788021388577,ui_round-robin_steady_1788021386850,round-robin,server-3,GET,/api/work,200,27,,0
1788021388592,ui_round-robin_steady_1788021386850,round-robin,server-1,GET,/api/work,200,26,,0
1788021388603,ui_round-robin_steady_1788021386850,round-robin,server-2,GET,/api/work,200,27,,0
1788021388604,ui_round-robin_steady_1788021386850,round-robin,server-3,GET,/api/work,200,27,,0
1788021388631,ui_round-robin_steady_1788021386850,round-robin,server-1,GET,/api/work,200,27,,0
1788021388635,ui_round-robin_steady_1788021386850,round-robin,server-2,GET,/api/work,200,27,,0
1788021388650,ui_round-robin_steady_1788021386850,round-robin,server-3,GET,/api/work,200,27,,0
1788021388662,ui_round-robin_steady_1788021386850,round-robin,server-1,GET,/api/work,200,28,,0
1788021388664,ui_round-robin_steady_1788021386850,round-robin,server-2,GET,/api/work,200,28,,0
1788021388689,ui_round-robin_steady_1788021386850,round-robin,server-3,GET,/api/work,200,28,,0
1788021388695,ui_round-robin_steady_1788021386850,round-robin,server-1,GET,/api/work,200,27,,0
1788021388708,ui_round-robin_steady_1788021386850,round-robin,server-2,GET,/api/work,200,26,,0
1788021388724,ui_round-robin_steady_1788021386850,round-robin,server-3,GET,/api/work,200,27,,0
1788021388724,ui_round-robin_steady_1788021386850,round-robin,server-1,GET,/api/work,200,28,,0
1788021388748,ui_round-robin_steady_1788021386850,round-robin,server-2,GET,/api/work,200,28,,0
1788021388754,ui_round-robin_steady_1788021386850,round-robin,server-3,GET,/api/work,200,27,,0
1788021388767,ui_round-robin_steady_1788021386850,round-robin,server-1,GET,/api/work,200,27,,0
1788021388783,ui_round-robin_steady_1788021386850,round-robin,server-2,GET,/api/work,200,28,,0
1788021388784,ui_round-robin_steady_1788021386850,round-robin,server-3,GET,/api/work,200,28,,0
1788021388807,ui_round-robin_steady_1788021386850,round-robin,server-1,GET,/api/work,200,28,,0
1788021388813,ui_round-robin_steady_1788021386850,round-robin,server-2,GET,/api/work,200,29,,0
1788021388827,ui_round-robin_steady_1788021386850,round-robin,server-3,GET,/api/work,200,27,,0
1788021388843,ui_round-robin_steady_1788021386850,round-robin,server-1,GET,/api/work,200,28,,0
1788021388844,ui_round-robin_steady_1788021386850,round-robin,server-2,GET,/api/work,200,28,,0
1788021388867,ui_round-robin_steady_1788021386850,round-robin,server-3,GET,/api/work,200,27,,0
1788021388874,ui_round-robin_steady_1788021386850,round-robin,server-1,GET,/api/work,200,27,,0
1788021388887,ui_round-robin_steady_1788021386850,round-robin,server-2,GET,/api/work,200,27,,0
1788021388903,ui_round-robin_steady_1788021386850,round-robin,server-3,GET,/api/work,200,27,,0
1788021388905,ui_round-robin_steady_1788021386850,round-robin,server-1,GET,/api/work,200,27,,0
1788021388925,ui_round-robin_steady_1788021386850,round-robin,server-2,GET,/api/work,200,28,,0
1788021388934,ui_round-robin_steady_1788021386850,round-robin,server-3,GET,/api/work,200,28,,0
1788021388946,ui_round-robin_steady_1788021386850,round-robin,server-1,GET,/api/work,200,28,,0
1788021388963,ui_round-robin_steady_1788021386850,round-robin,server-2,GET,/api/work,200,29,,0
1788021388965,ui_round-robin_steady_1788021386850,round-robin,server-3,GET,/api/work,200,29,,0
1788021388984,ui_round-robin_steady_1788021386850,round-robin,server-1,GET,/api/work,200,28,,0
1788021388995,ui_round-robin_steady_1788021386850,round-robin,server-2,GET,/api/work,200,28,,0
1788021389006,ui_round-robin_steady_1788021386850,round-robin,server-3,GET,/api/work,200,27,,0
1788021389024,ui_round-robin_steady_1788021386850,round-robin,server-1,GET,/api/work,200,28,,0
1788021389026,ui_round-robin_steady_1788021386850,round-robin,server-2,GET,/api/work,200,28,,0
1788021389043,ui_round-robin_steady_1788021386850,round-robin,server-3,GET,/api/work,200,28,,0
1788021389056,ui_round-robin_steady_1788021386850,round-robin,server-1,GET,/api/work,200,28,,0
1788021389065,ui_round-robin_steady_1788021386850,round-robin,server-2,GET,/api/work,200,28,,0
1788021389085,ui_round-robin_steady_1788021386850,round-robin,server-3,GET,/api/work,200,27,,0
1788021389086,ui_round-robin_steady_1788021386850,round-robin,server-1,GET,/api/work,200,27,,0
1788021389102,ui_round-robin_steady_1788021386850,round-robin,server-2,GET,/api/work,200,28,,0
1788021389115,ui_round-robin_steady_1788021386850,round-robin,server-3,GET,/api/work,200,27,,0
1788021389124,ui_round-robin_steady_1788021386850,round-robin,server-1,GET,/api/work,200,28,,0
1788021389143,ui_round-robin_steady_1788021386850,round-robin,server-2,GET,/api/work,200,27,,0
1788021389144,ui_round-robin_steady_1788021386850,round-robin,server-3,GET,/api/work,200,27,,0
1788021389161,ui_round-robin_steady_1788021386850,round-robin,server-1,GET,/api/work,200,26,,0
1788021389173,ui_round-robin_steady_1788021386850,round-robin,server-2,GET,/api/work,200,27,,0
1788021389183,ui_round-robin_steady_1788021386850,round-robin,server-3,GET,/api/work,200,27,,0
1788021389201,ui_round-robin_steady_1788021386850,round-robin,server-1,GET,/api/work,200,27,,0
1788021389201,ui_round-robin_steady_1788021386850,round-robin,server-2,GET,/api/work,200,27,,0
1788021389218,ui_round-robin_steady_1788021386850,round-robin,server-3,GET,/api/work,200,26,,0
1788021389231,ui_round-robin_steady_1788021386850,round-robin,server-1,GET,/api/work,200,27,,0
1788021389241,ui_round-robin_steady_1788021386850,round-robin,server-2,GET,/api/work,200,27,,0
1788021389260,ui_round-robin_steady_1788021386850,round-robin,server-1,GET,/api/work,200,27,,0
1788021389259,ui_round-robin_steady_1788021386850,round-robin,server-3,GET,/api/work,200,28,,0
1788021389275,ui_round-robin_steady_1788021386850,round-robin,server-2,GET,/api/work,200,26,,0
1788021389290,ui_round-robin_steady_1788021386850,round-robin,server-3,GET,/api/work,200,27,,0
1788021389299,ui_round-robin_steady_1788021386850,round-robin,server-1,GET,/api/work,200,27,,0
1788021389318,ui_round-robin_steady_1788021386850,round-robin,server-2,GET,/api/work,200,28,,0
1788021389319,ui_round-robin_steady_1788021386850,round-robin,server-3,GET,/api/work,200,28,,0
1788021389332,ui_round-robin_steady_1788021386850,round-robin,server-1,GET,/api/work,200,27,,0
1788021389349,ui_round-robin_steady_1788021386850,round-robin,server-2,GET,/api/work,200,28,,0
1788021389358,ui_round-robin_steady_1788021386850,round-robin,server-3,GET,/api/work,200,27,,0
1788021389378,ui_round-robin_steady_1788021386850,round-robin,server-1,GET,/api/work,200,27,,0
1788021389378,ui_round-robin_steady_1788021386850,round-robin,server-2,GET,/api/work,200,28,,0
1788021389391,ui_round-robin_steady_1788021386850,round-robin,server-3,GET,/api/work,200,27,,0
1788021389409,ui_round-robin_steady_1788021386850,round-robin,server-1,GET,/api/work,200,26,,0
1788021389416,ui_round-robin_steady_1788021386850,round-robin,server-2,GET,/api/work,200,27,,0
1788021389436,ui_round-robin_steady_1788021386850,round-robin,server-3,GET,/api/work,200,26,,0
1788021389437,ui_round-robin_steady_1788021386850,round-robin,server-1,GET,/api/work,200,26,,0
1788021389449,ui_round-robin_steady_1788021386850,round-robin,server-2,GET,/api/work,200,26,,0
1788021389468,ui_round-robin_steady_1788021386850,round-robin,server-3,GET,/api/work,200,26,,1
1788021389474,ui_round-robin_steady_1788021386850,round-robin,server-1,GET,/api/work,200,26,,0
1788021389494,ui_round-robin_steady_1788021386850,round-robin,server-3,GET,/api/work,200,26,,0
1788021389494,ui_round-robin_steady_1788021386850,round-robin,server-2,GET,/api/work,200,27,,0
1788021389506,ui_round-robin_steady_1788021386850,round-robin,server-1,GET,/api/work,200,26,,0
1788021389525,ui_round-robin_steady_1788021386850,round-robin,server-2,GET,/api/work,200,27,,0
1788021389531,ui_round-robin_steady_1788021386850,round-robin,server-3,GET,/api/work,200,27,,0
1788021389552,ui_round-robin_steady_1788021386850,round-robin,server-1,GET,/api/work,200,27,,0
1788021389552,ui_round-robin_steady_1788021386850,round-robin,server-2,GET,/api/work,200,27,,0
1788021389563,ui_round-robin_steady_1788021386850,round-robin,server-3,GET,/api/work,200,26,,0
1788021389582,ui_round-robin_steady_1788021386850,round-robin,server-1,GET,/api/work,200,26,,0
1788021389589,ui_round-robin_steady_1788021386850,round-robin,server-2,GET,/api/work,200,26,,0
1788021389611,ui_round-robin_steady_1788021386850,round-robin,server-1,GET,/api/work,200,25,,0
1788021389610,ui_round-robin_steady_1788021386850,round-robin,server-3,GET,/api/work,200,27,,0
1788021389620,ui_round-robin_steady_1788021386850,round-robin,server-2,GET,/api/work,200,27,,0
1788021389639,ui_round-robin_steady_1788021386850,round-robin,server-3,GET,/api/work,200,27,,0
1788021389647,ui_round-robin_steady_1788021386850,round-robin,server-1,GET,/api/work,200,27,,0
1788021389668,ui_round-robin_steady_1788021386850,round-robin,server-2,GET,/api/work,200,25,,0
1788021389668,ui_round-robin_steady_1788021386850,round-robin,server-3,GET,/api/work,200,26,,0
1788021389678,ui_round-robin_steady_1788021386850,round-robin,server-1,GET,/api/work,200,26,,0
1788021389696,ui_round-robin_steady_1788021386850,round-robin,server-2,GET,/api/work,200,27,,0
1788021389705,ui_round-robin_steady_1788021386850,round-robin,server-3,GET,/api/work,200,26,,0
1788021389724,ui_round-robin_steady_1788021386850,round-robin,server-1,GET,/api/work,200,26,,0
1788021389725,ui_round-robin_steady_1788021386850,round-robin,server-2,GET,/api/work,200,27,,0
1788021389735,ui_round-robin_steady_1788021386850,round-robin,server-3,GET,/api/work,200,27,,0
1788021389754,ui_round-robin_steady_1788021386850,round-robin,server-1,GET,/api/work,200,27,,0
1788021389763,ui_round-robin_steady_1788021386850,round-robin,server-2,GET,/api/work,200,26,,0
1788021389782,ui_round-robin_steady_1788021386850,round-robin,server-3,GET,/api/work,200,27,,0
1788021389782,ui_round-robin_steady_1788021386850,round-robin,server-1,GET,/api/work,200,28,,0
1788021389793,ui_round-robin_steady_1788021386850,round-robin,server-2,GET,/api/work,200,27,,0
1788021389812,ui_round-robin_steady_1788021386850,round-robin,server-3,GET,/api/work,200,27,,0
1788021389821,ui_round-robin_steady_1788021386850,round-robin,server-1,GET,/api/work,200,26,,0
1788021389842,ui_round-robin_steady_1788021386850,round-robin,server-2,GET,/api/work,200,27,,0
1788021389842,ui_round-robin_steady_1788021386850,round-robin,server-3,GET,/api/work,200,29,,0
1788021389853,ui_round-robin_steady_1788021386850,round-robin,server-1,GET,/api/work,200,27,,0
1788021389872,ui_round-robin_steady_1788021386850,round-robin,server-2,GET,/api/work,200,27,,0
1788021389878,ui_round-robin_steady_1788021386850,round-robin,server-3,GET,/api/work,200,28,,0
1788021389903,ui_round-robin_steady_1788021386850,round-robin,server-1,GET,/api/work,200,26,,0
1788021389903,ui_round-robin_steady_1788021386850,round-robin,server-2,GET,/api/work,200,28,,0
1788021389911,ui_round-robin_steady_1788021386850,round-robin,server-3,GET,/api/work,200,28,,0
1788021389930,ui_round-robin_steady_1788021386850,round-robin,server-1,GET,/api/work,200,28,,0
1788021389938,ui_round-robin_steady_1788021386850,round-robin,server-2,GET,/api/work,200,27,,0
1788021389961,ui_round-robin_steady_1788021386850,round-robin,server-3,GET,/api/work,200,27,,0
1788021389962,ui_round-robin_steady_1788021386850,round-robin,server-1,GET,/api/work,200,28,,0
1788021389969,ui_round-robin_steady_1788021386850,round-robin,server-2,GET,/api/work,200,28,,0
1788021389990,ui_round-robin_steady_1788021386850,round-robin,server-3,GET,/api/work,200,27,,0
1788021389996,ui_round-robin_steady_1788021386850,round-robin,server-1,GET,/api/work,200,27,,0
1788021390019,ui_round-robin_steady_1788021386850,round-robin,server-2,GET,/api/work,200,27,,0
1788021390021,ui_round-robin_steady_1788021386850,round-robin,server-3,GET,/api/work,200,27,,0
1788021390027,ui_round-robin_steady_1788021386850,round-robin,server-1,GET,/api/work,200,26,,0
1788021390048,ui_round-robin_steady_1788021386850,round-robin,server-2,GET,/api/work,200,27,,0
1788021390054,ui_round-robin_steady_1788021386850,round-robin,server-3,GET,/api/work,200,27,,0
1788021390077,ui_round-robin_steady_1788021386850,round-robin,server-1,GET,/api/work,200,26,,0
1788021390079,ui_round-robin_steady_1788021386850,round-robin,server-2,GET,/api/work,200,26,,0
1788021390084,ui_round-robin_steady_1788021386850,round-robin,server-3,GET,/api/work,200,27,,0
1788021390106,ui_round-robin_steady_1788021386850,round-robin,server-1,GET,/api/work,200,27,,0
1788021390111,ui_round-robin_steady_1788021386850,round-robin,server-2,GET,/api/work,200,27,,0
1788021390134,ui_round-robin_steady_1788021386850,round-robin,server-3,GET,/api/work,200,27,,0
1788021390136,ui_round-robin_steady_1788021386850,round-robin,server-1,GET,/api/work,200,28,,0
1788021390142,ui_round-robin_steady_1788021386850,round-robin,server-2,GET,/api/work,200,28,,0
1788021390165,ui_round-robin_steady_1788021386850,round-robin,server-3,GET,/api/work,200,27,,0
1788021390169,ui_round-robin_steady_1788021386850,round-robin,server-1,GET,/api/work,200,28,,0
1788021390193,ui_round-robin_steady_1788021386850,round-robin,server-2,GET,/api/work,200,27,,0
1788021390195,ui_round-robin_steady_1788021386850,round-robin,server-3,GET,/api/work,200,27,,0
1788021390201,ui_round-robin_steady_1788021386850,round-robin,server-1,GET,/api/work,200,27,,0
1788021390224,ui_round-robin_steady_1788021386850,round-robin,server-2,GET,/api/work,200,28,,0
1788021390229,ui_round-robin_steady_1788021386850,round-robin,server-3,GET,/api/work,200,26,,0
1788021390251,ui_round-robin_steady_1788021386850,round-robin,server-1,GET,/api/work,200,28,,0
1788021390253,ui_round-robin_steady_1788021386850,round-robin,server-2,GET,/api/work,200,27,,0
1788021390260,ui_round-robin_steady_1788021386850,round-robin,server-3,GET,/api/work,200,27,,0
1788021390283,ui_round-robin_steady_1788021386850,round-robin,server-1,GET,/api/work,200,29,,0
1788021390288,ui_round-robin_steady_1788021386850,round-robin,server-2,GET,/api/work,200,27,,0
1788021390311,ui_round-robin_steady_1788021386850,round-robin,server-3,GET,/api/work,200,27,,0
1788021390312,ui_round-robin_steady_1788021386850,round-robin,server-1,GET,/api/work,200,27,,0
1788021390320,ui_round-robin_steady_1788021386850,round-robin,server-2,GET,/api/work,200,28,,0
1788021390343,ui_round-robin_steady_1788021386850,round-robin,server-3,GET,/api/work,200,28,,0
1788021390348,ui_round-robin_steady_1788021386850,round-robin,server-1,GET,/api/work,200,28,,0
1788021390370,ui_round-robin_steady_1788021386850,round-robin,server-2,GET,/api/work,200,27,,0
1788021390371,ui_round-robin_steady_1788021386850,round-robin,server-3,GET,/api/work,200,28,,0
1788021390381,ui_round-robin_steady_1788021386850,round-robin,server-1,GET,/api/work,200,27,,0
1788021390402,ui_round-robin_steady_1788021386850,round-robin,server-2,GET,/api/work,200,28,,0
1788021390408,ui_round-robin_steady_1788021386850,round-robin,server-3,GET,/api/work,200,28,,0
1788021390429,ui_round-robin_steady_1788021386850,round-robin,server-1,GET,/api/work,200,27,,0
1788021390431,ui_round-robin_steady_1788021386850,round-robin,server-2,GET,/api/work,200,26,,0
1788021390439,ui_round-robin_steady_1788021386850,round-robin,server-3,GET,/api/work,200,26,,0
1788021390461,ui_round-robin_steady_1788021386850,round-robin,server-1,GET,/api/work,200,26,,0
1788021390466,ui_round-robin_steady_1788021386850,round-robin,server-2,GET,/api/work,200,27,,0
1788021390487,ui_round-robin_steady_1788021386850,round-robin,server-3,GET,/api/work,200,27,,0
1788021390488,ui_round-robin_steady_1788021386850,round-robin,server-1,GET,/api/work,200,26,,0
1788021390496,ui_round-robin_steady_1788021386850,round-robin,server-2,GET,/api/work,200,27,,0
1788021390518,ui_round-robin_steady_1788021386850,round-robin,server-3,GET,/api/work,200,27,,0
1788021390523,ui_round-robin_steady_1788021386850,round-robin,server-1,GET,/api/work,200,26,,0
1788021390544,ui_round-robin_steady_1788021386850,round-robin,server-2,GET,/api/work,200,27,,0
1788021390545,ui_round-robin_steady_1788021386850,round-robin,server-3,GET,/api/work,200,28,,0
1788021390554,ui_round-robin_steady_1788021386850,round-robin,server-1,GET,/api/work,200,28,,0
1788021390577,ui_round-robin_steady_1788021386850,round-robin,server-2,GET,/api/work,200,26,,0
1788021390580,ui_round-robin_steady_1788021386850,round-robin,server-3,GET,/api/work,200,27,,0
1788021390604,ui_round-robin_steady_1788021386850,round-robin,server-1,GET,/api/work,200,27,,0
1788021390605,ui_round-robin_steady_1788021386850,round-robin,server-2,GET,/api/work,200,27,,0
1788021390614,ui_round-robin_steady_1788021386850,round-robin,server-3,GET,/api/work,200,26,,0
1788021390635,ui_round-robin_steady_1788021386850,round-robin,server-1,GET,/api/work,200,27,,0
1788021390638,ui_round-robin_steady_1788021386850,round-robin,server-2,GET,/api/work,200,27,,0
1788021390661,ui_round-robin_steady_1788021386850,round-robin,server-3,GET,/api/work,200,27,,0
1788021390662,ui_round-robin_steady_1788021386850,round-robin,server-1,GET,/api/work,200,26,,0
1788021390671,ui_round-robin_steady_1788021386850,round-robin,server-2,GET,/api/work,200,27,,0
1788021390693,ui_round-robin_steady_1788021386850,round-robin,server-3,GET,/api/work,200,27,,0
1788021390695,ui_round-robin_steady_1788021386850,round-robin,server-1,GET,/api/work,200,26,,0
1788021390720,ui_round-robin_steady_1788021386850,round-robin,server-3,GET,/api/work,200,27,,0
1788021390720,ui_round-robin_steady_1788021386850,round-robin,server-2,GET,/api/work,200,27,,0
1788021390728,ui_round-robin_steady_1788021386850,round-robin,server-1,GET,/api/work,200,26,,0
1788021390752,ui_round-robin_steady_1788021386850,round-robin,server-3,GET,/api/work,200,26,,0
1788021390751,ui_round-robin_steady_1788021386850,round-robin,server-2,GET,/api/work,200,27,,0
1788021390779,ui_round-robin_steady_1788021386850,round-robin,server-1,GET,/api/work,200,27,,0
1788021390779,ui_round-robin_steady_1788021386850,round-robin,server-2,GET,/api/work,200,27,,0
1788021390785,ui_round-robin_steady_1788021386850,round-robin,server-3,GET,/api/work,200,25,,0
1788021390809,ui_round-robin_steady_1788021386850,round-robin,server-1,GET,/api/work,200,27,,0
1788021390809,ui_round-robin_steady_1788021386850,round-robin,server-2,GET,/api/work,200,28,,0
1788021390837,ui_round-robin_steady_1788021386850,round-robin,server-3,GET,/api/work,200,27,,0
1788021390838,ui_round-robin_steady_1788021386850,round-robin,server-1,GET,/api/work,200,26,,0
1788021390841,ui_round-robin_steady_1788021386850,round-robin,server-2,GET,/api/work,200,27,,0
1788021390869,ui_round-robin_steady_1788021386850,round-robin,server-1,GET,/api/work,200,26,,0
1788021390868,ui_round-robin_steady_1788021386850,round-robin,server-3,GET,/api/work,200,27,,0
1788021390896,ui_round-robin_steady_1788021386850,round-robin,server-2,GET,/api/work,200,27,,0
1788021390896,ui_round-robin_steady_1788021386850,round-robin,server-3,GET,/api/work,200,27,,0
1788021390899,ui_round-robin_steady_1788021386850,round-robin,server-1,GET,/api/work,200,26,,0
1788021390926,ui_round-robin_steady_1788021386850,round-robin,server-3,GET,/api/work,200,27,,0
1788021390926,ui_round-robin_steady_1788021386850,round-robin,server-2,GET,/api/work,200,27,,0
1788021390954,ui_round-robin_steady_1788021386850,round-robin,server-1,GET,/api/work,200,27,,0
1788021390954,ui_round-robin_steady_1788021386850,round-robin,server-2,GET,/api/work,200,27,,0
1788021390956,ui_round-robin_steady_1788021386850,round-robin,server-3,GET,/api/work,200,26,,0
1788021390985,ui_round-robin_steady_1788021386850,round-robin,server-2,GET,/api/work,200,25,,0
1788021390984,ui_round-robin_steady_1788021386850,round-robin,server-1,GET,/api/work,200,27,,0
1788021391012,ui_round-robin_steady_1788021386850,round-robin,server-3,GET,/api/work,200,27,,0
1788021391012,ui_round-robin_steady_1788021386850,round-robin,server-1,GET,/api/work,200,27,,0
1788021391012,ui_round-robin_steady_1788021386850,round-robin,server-2,GET,/api/work,200,27,,0
1788021391041,ui_round-robin_steady_1788021386850,round-robin,server-3,GET,/api/work,200,26,,0
1788021391042,ui_round-robin_steady_1788021386850,round-robin,server-1,GET,/api/work,200,26,,0
1788021391071,ui_round-robin_steady_1788021386850,round-robin,server-1,GET,/api/work,200,25,,0
1788021391070,ui_round-robin_steady_1788021386850,round-robin,server-2,GET,/api/work,200,27,,0
1788021391070,ui_round-robin_steady_1788021386850,round-robin,server-3,GET,/api/work,200,27,,0
1788021391098,ui_round-robin_steady_1788021386850,round-robin,server-2,GET,/api/work,200,27,,0
1788021391099,ui_round-robin_steady_1788021386850,round-robin,server-3,GET,/api/work,200,26,,0
1788021391128,ui_round-robin_steady_1788021386850,round-robin,server-2,GET,/api/work,200,26,,0
1788021391127,ui_round-robin_steady_1788021386850,round-robin,server-1,GET,/api/work,200,27,,0
1788021391129,ui_round-robin_steady_1788021386850,round-robin,server-3,GET,/api/work,200,27,,0
1788021391155,ui_round-robin_steady_1788021386850,round-robin,server-1,GET,/api/work,200,27,,0
1788021391156,ui_round-robin_steady_1788021386850,round-robin,server-2,GET,/api/work,200,26,,0
1788021391185,ui_round-robin_steady_1788021386850,round-robin,server-3,GET,/api/work,200,26,,0
1788021391185,ui_round-robin_steady_1788021386850,round-robin,server-1,GET,/api/work,200,27,,0
1788021391185,ui_round-robin_steady_1788021386850,round-robin,server-2,GET,/api/work,200,27,,0
1788021391213,ui_round-robin_steady_1788021386850,round-robin,server-3,GET,/api/work,200,26,,0
1788021391213,ui_round-robin_steady_1788021386850,round-robin,server-1,GET,/api/work,200,27,,0
1788021391243,ui_round-robin_steady_1788021386850,round-robin,server-2,GET,/api/work,200,26,,0
1788021391244,ui_round-robin_steady_1788021386850,round-robin,server-3,GET,/api/work,200,28,,0
1788021391245,ui_round-robin_steady_1788021386850,round-robin,server-1,GET,/api/work,200,27,,0
1788021391270,ui_round-robin_steady_1788021386850,round-robin,server-2,GET,/api/work,200,26,,0
1788021391273,ui_round-robin_steady_1788021386850,round-robin,server-3,GET,/api/work,200,26,,0
1788021391300,ui_round-robin_steady_1788021386850,round-robin,server-1,GET,/api/work,200,26,,0
1788021391304,ui_round-robin_steady_1788021386850,round-robin,server-2,GET,/api/work,200,27,,1
1788021391305,ui_round-robin_steady_1788021386850,round-robin,server-3,GET,/api/work,200,26,,0
1788021391327,ui_round-robin_steady_1788021386850,round-robin,server-1,GET,/api/work,200,26,,0
1788021391330,ui_round-robin_steady_1788021386850,round-robin,server-2,GET,/api/work,200,27,,0
1788021391357,ui_round-robin_steady_1788021386850,round-robin,server-3,GET,/api/work,200,27,,0
1788021391362,ui_round-robin_steady_1788021386850,round-robin,server-1,GET,/api/work,200,28,,1
1788021391363,ui_round-robin_steady_1788021386850,round-robin,server-2,GET,/api/work,200,27,,0
1788021391385,ui_round-robin_steady_1788021386850,round-robin,server-3,GET,/api/work,200,27,,0
1788021391388,ui_round-robin_steady_1788021386850,round-robin,server-1,GET,/api/work,200,26,,0
1788021391415,ui_round-robin_steady_1788021386850,round-robin,server-2,GET,/api/work,200,28,,0
1788021391421,ui_round-robin_steady_1788021386850,round-robin,server-3,GET,/api/work,200,27,,1
1788021391422,ui_round-robin_steady_1788021386850,round-robin,server-1,GET,/api/work,200,28,,0
1788021391444,ui_round-robin_steady_1788021386850,round-robin,server-2,GET,/api/work,200,28,,0
1788021391446,ui_round-robin_steady_1788021386850,round-robin,server-3,GET,/api/work,200,29,,0
1788021391474,ui_round-robin_steady_1788021386850,round-robin,server-1,GET,/api/work,200,27,,0
1788021391481,ui_round-robin_steady_1788021386850,round-robin,server-2,GET,/api/work,200,27,,1
1788021391481,ui_round-robin_steady_1788021386850,round-robin,server-3,GET,/api/work,200,27,,0
1788021391504,ui_round-robin_steady_1788021386850,round-robin,server-1,GET,/api/work,200,26,,0
1788021391505,ui_round-robin_steady_1788021386850,round-robin,server-2,GET,/api/work,200,27,,0
1788021391531,ui_round-robin_steady_1788021386850,round-robin,server-3,GET,/api/work,200,27,,0
1788021391540,ui_round-robin_steady_1788021386850,round-robin,server-1,GET,/api/work,200,27,,1
1788021391540,ui_round-robin_steady_1788021386850,round-robin,server-2,GET,/api/work,200,27,,0
1788021391561,ui_round-robin_steady_1788021386850,round-robin,server-3,GET,/api/work,200,27,,0
1788021391562,ui_round-robin_steady_1788021386850,round-robin,server-1,GET,/api/work,200,27,,0
1788021391590,ui_round-robin_steady_1788021386850,round-robin,server-2,GET,/api/work,200,27,,0
1788021391599,ui_round-robin_steady_1788021386850,round-robin,server-3,GET,/api/work,200,26,,1
1788021391599,ui_round-robin_steady_1788021386850,round-robin,server-1,GET,/api/work,200,27,,0
1788021391620,ui_round-robin_steady_1788021386850,round-robin,server-2,GET,/api/work,200,28,,0
1788021391621,ui_round-robin_steady_1788021386850,round-robin,server-3,GET,/api/work,200,27,,0
1788021391647,ui_round-robin_steady_1788021386850,round-robin,server-1,GET,/api/work,200,26,,0
1788021391656,ui_round-robin_steady_1788021386850,round-robin,server-3,GET,/api/work,200,27,,0
1788021391656,ui_round-robin_steady_1788021386850,round-robin,server-2,GET,/api/work,200,27,,1
1788021391679,ui_round-robin_steady_1788021386850,round-robin,server-1,GET,/api/work,200,27,,0
1788021391680,ui_round-robin_steady_1788021386850,round-robin,server-2,GET,/api/work,200,27,,0
1788021391704,ui_round-robin_steady_1788021386850,round-robin,server-3,GET,/api/work,200,27,,0
1788021391715,ui_round-robin_steady_1788021386850,round-robin,server-1,GET,/api/work,200,25,,1
1788021391715,ui_round-robin_steady_1788021386850,round-robin,server-2,GET,/api/work,200,26,,0
1788021391737,ui_round-robin_steady_1788021386850,round-robin,server-1,GET,/api/work,200,26,,0
1788021391737,ui_round-robin_steady_1788021386850,round-robin,server-3,GET,/api/work,200,26,,0
1788021391762,ui_round-robin_steady_1788021386850,round-robin,server-2,GET,/api/work,200,26,,0
1788021391771,ui_round-robin_steady_1788021386850,round-robin,server-3,GET,/api/work,200,27,,1
1788021391772,ui_round-robin_steady_1788021386850,round-robin,server-1,GET,/api/work,200,26,,0
1788021391794,ui_round-robin_steady_1788021386850,round-robin,server-3,GET,/api/work,200,26,,0
1788021391794,ui_round-robin_steady_1788021386850,round-robin,server-2,GET,/api/work,200,27,,0
1788021391819,ui_round-robin_steady_1788021386850,round-robin,server-1,GET,/api/work,200,27,,0
1788021391829,ui_round-robin_steady_1788021386850,round-robin,server-2,GET,/api/work,200,26,,1
1788021391829,ui_round-robin_steady_1788021386850,round-robin,server-3,GET,/api/work,200,27,,0
1788021391852,ui_round-robin_steady_1788021386850,round-robin,server-2,GET,/api/work,200,26,,0
1788021391852,ui_round-robin_steady_1788021386850,round-robin,server-1,GET,/api/work,200,26,,0
